Species,Ecotype
Litoralis,littoral
Litoralis,littoral
Litoralis,littoral
Litoralis,littoral
Litoralis,littoral
Litoralis,littoral
Litoralis,littoral
Litoralis,littoral
Litoralis,littoral
Litoralis,littoral
Litoralis,littoral
Litoralis,littoral
Litoralis,littoral
Litoralis,littoral
Litoralis,littoral
Litoralis,littoral
Litoralis,littoral
Litoralis,littoral
Litoralis,littoral
Litoralis,littoral
Litoralis,littoral
Litoralis,littoral
Litoralis,littoral
Litoralis,littoral
Litoralis,littoral
Litoralis,littoral
Litoralis,littoral
Litoralis,littoral
Litoralis,littoral
Litoralis,littoral
Litoralis,littoral
Litoralis,littoral
Litoralis,littoral
Horneri,littoral
Horneri,littoral
Horneri,littoral
Horneri,littoral
Horneri,littoral
Horneri,littoral
Horneri,littoral
Horneri,littoral
Horneri,littoral
Horneri,littoral
Horneri,littoral
Horneri,littoral
Horneri,littoral
Gurrmul,littoral
Gurrmul,littoral
Gurrmul,littoral
Gurrmul,littoral
Gurrmul,littoral
Gurrmul,littoral
Gurrmul,littoral
Gurrmul,littoral
Gurrmul,littoral
Gurrmul,littoral
Gurrmul,littoral
Gurrmul,littoral
Gurrmul,littoral
